-- ============================================================
-- Fitness Tracker — Тестовые данные
-- ============================================================

-- ============================================================
-- Пользователи (12 записей)
-- ============================================================
INSERT INTO users (id, login, first_name, last_name, email, password_hash) VALUES
  ('11111111-0000-0000-0000-000000000001', 'ivanov_ivan',  'Иван',      'Иванов',    'ivanov@example.com',  crypt('pass1', gen_salt('bf'))),
  ('11111111-0000-0000-0000-000000000002', 'petrova_m',    'Мария',     'Петрова',   'petrova@example.com', crypt('pass2', gen_salt('bf'))),
  ('11111111-0000-0000-0000-000000000003', 'sidorov_alex', 'Алексей',   'Сидоров',   'sidorov@example.com', crypt('pass3', gen_salt('bf'))),
  ('11111111-0000-0000-0000-000000000004', 'kozlova_o',    'Ольга',     'Козлова',   'kozlova@example.com', crypt('pass4', gen_salt('bf'))),
  ('11111111-0000-0000-0000-000000000005', 'novikov_d',    'Дмитрий',   'Новиков',   'novikov@example.com', crypt('pass5', gen_salt('bf'))),
  ('11111111-0000-0000-0000-000000000006', 'smirnova_e',   'Елена',     'Смирнова',  'smirnova@example.com',crypt('pass6', gen_salt('bf'))),
  ('11111111-0000-0000-0000-000000000007', 'morozov_p',    'Павел',     'Морозов',   'morozov@example.com', crypt('pass7', gen_salt('bf'))),
  ('11111111-0000-0000-0000-000000000008', 'volkova_n',    'Наталья',   'Волкова',   'volkova@example.com', crypt('pass8', gen_salt('bf'))),
  ('11111111-0000-0000-0000-000000000009', 'sokolov_k',    'Кирилл',    'Соколов',   'sokolov@example.com', crypt('pass9', gen_salt('bf'))),
  ('11111111-0000-0000-0000-000000000010', 'fedorova_a',   'Анна',      'Фёдорова',  'fedorova@example.com',crypt('pass10',gen_salt('bf'))),
  ('11111111-0000-0000-0000-000000000011', 'lebedev_s',    'Сергей',    'Лебедев',   'lebedev@example.com', crypt('pass11',gen_salt('bf'))),
  ('11111111-0000-0000-0000-000000000012', 'andreev_m',    'Михаил',    'Андреев',   'andreev@example.com', crypt('pass12',gen_salt('bf')));

-- ============================================================
-- Упражнения (15 записей)
-- ============================================================
INSERT INTO exercises (id, name, description, muscle_group, equipment) VALUES
  ('22222222-0000-0000-0000-000000000001', 'Жим штанги лёжа',       'Классический жим лёжа на горизонтальной скамье', 'chest',     'штанга'),
  ('22222222-0000-0000-0000-000000000002', 'Приседания со штангой', 'Приседания с грифом на плечах',                  'legs',      'штанга'),
  ('22222222-0000-0000-0000-000000000003', 'Становая тяга',         'Классическая становая тяга',                     'back',      'штанга'),
  ('22222222-0000-0000-0000-000000000004', 'Подтягивания',          'Подтягивания широким хватом',                    'back',      NULL),
  ('22222222-0000-0000-0000-000000000005', 'Жим гантелей сидя',     'Жим гантелей над головой',                       'shoulders', 'гантели'),
  ('22222222-0000-0000-0000-000000000006', 'Бицепс с гантелями',    'Сгибание рук с гантелями стоя',                  'arms',      'гантели'),
  ('22222222-0000-0000-0000-000000000007', 'Трицепс на блоке',      'Разгибание рук на верхнем блоке',                'arms',      'тренажёр'),
  ('22222222-0000-0000-0000-000000000008', 'Планка',                 'Статическое удержание положения планки',         'core',      NULL),
  ('22222222-0000-0000-0000-000000000009', 'Скручивания',            'Классические скручивания на пресс',              'core',      NULL),
  ('22222222-0000-0000-0000-000000000010', 'Бег на беговой дорожке','Кардио-бег с заданной скоростью',                'cardio',    'беговая дорожка'),
  ('22222222-0000-0000-0000-000000000011', 'Велотренажёр',           'Кардио на велотренажёре',                        'cardio',    'велотренажёр'),
  ('22222222-0000-0000-0000-000000000012', 'Выпады с гантелями',    'Шагающие выпады с гантелями в руках',            'legs',      'гантели'),
  ('22222222-0000-0000-0000-000000000013', 'Жим ногами',            'Жим платформы в тренажёре',                      'legs',      'тренажёр'),
  ('22222222-0000-0000-0000-000000000014', 'Тяга верхнего блока',   'Тяга рукоятки верхнего блока к груди',           'back',      'тренажёр'),
  ('22222222-0000-0000-0000-000000000015', 'Бёрпи',                  'Функциональное комплексное упражнение',          'full_body', NULL);

-- ============================================================
-- Тренировки (12 записей)
-- ============================================================
INSERT INTO workouts (id, user_id, title, notes, started_at, ended_at) VALUES
  ('33333333-0000-0000-0000-000000000001', '11111111-0000-0000-0000-000000000001', 'День груди',      NULL,               '2024-12-01 10:00:00+03', '2024-12-01 11:30:00+03'),
  ('33333333-0000-0000-0000-000000000002', '11111111-0000-0000-0000-000000000001', 'День ног',        'Лёгкий день',      '2024-12-03 10:00:00+03', '2024-12-03 11:00:00+03'),
  ('33333333-0000-0000-0000-000000000003', '11111111-0000-0000-0000-000000000001', 'День спины',      NULL,               '2024-12-05 10:00:00+03', '2024-12-05 11:45:00+03'),
  ('33333333-0000-0000-0000-000000000004', '11111111-0000-0000-0000-000000000002', 'Фулл-боди',       'После болезни',    '2024-12-02 09:00:00+03', '2024-12-02 10:00:00+03'),
  ('33333333-0000-0000-0000-000000000005', '11111111-0000-0000-0000-000000000002', 'Кардио',          NULL,               '2024-12-04 08:30:00+03', '2024-12-04 09:15:00+03'),
  ('33333333-0000-0000-0000-000000000006', '11111111-0000-0000-0000-000000000003', 'Силовая',         'Новый рекорд!',    '2024-12-01 18:00:00+03', '2024-12-01 19:30:00+03'),
  ('33333333-0000-0000-0000-000000000007', '11111111-0000-0000-0000-000000000003', 'Кардио + пресс',  NULL,               '2024-12-03 18:00:00+03', '2024-12-03 18:45:00+03'),
  ('33333333-0000-0000-0000-000000000008', '11111111-0000-0000-0000-000000000004', 'Плечи и руки',    NULL,               '2024-12-02 12:00:00+03', '2024-12-02 13:00:00+03'),
  ('33333333-0000-0000-0000-000000000009', '11111111-0000-0000-0000-000000000005', 'День ног',        'Тяжёлый день',     '2024-12-06 07:00:00+03', '2024-12-06 08:30:00+03'),
  ('33333333-0000-0000-0000-000000000010', '11111111-0000-0000-0000-000000000005', 'Грудь + трицепс', NULL,               '2024-12-08 07:00:00+03', '2024-12-08 08:15:00+03'),
  ('33333333-0000-0000-0000-000000000011', '11111111-0000-0000-0000-000000000001', 'Кардио',          NULL,               '2025-01-10 10:00:00+03', '2025-01-10 10:40:00+03'),
  ('33333333-0000-0000-0000-000000000012', '11111111-0000-0000-0000-000000000001', 'День груди 2',    NULL,               '2025-01-12 10:00:00+03', '2025-01-12 11:30:00+03');

-- ============================================================
-- Упражнения в тренировках (30+ записей)
-- ============================================================
INSERT INTO workout_exercises (workout_id, exercise_id, sets, reps, weight_kg, duration_s, distance_m, order_index) VALUES
  -- Тренировка 1: День груди (ivanov)
  ('33333333-0000-0000-0000-000000000001','22222222-0000-0000-0000-000000000001', 4, 10, 80.00, NULL, NULL, 1),
  ('33333333-0000-0000-0000-000000000001','22222222-0000-0000-0000-000000000006', 3, 12, 14.00, NULL, NULL, 2),
  ('33333333-0000-0000-0000-000000000001','22222222-0000-0000-0000-000000000007', 3, 15, NULL,  NULL, NULL, 3),

  -- Тренировка 2: День ног (ivanov)
  ('33333333-0000-0000-0000-000000000002','22222222-0000-0000-0000-000000000002', 5,  5, 100.00,NULL, NULL, 1),
  ('33333333-0000-0000-0000-000000000002','22222222-0000-0000-0000-000000000013', 4,  8, 120.00,NULL, NULL, 2),
  ('33333333-0000-0000-0000-000000000002','22222222-0000-0000-0000-000000000012', 3, 12,  16.00,NULL, NULL, 3),

  -- Тренировка 3: День спины (ivanov)
  ('33333333-0000-0000-0000-000000000003','22222222-0000-0000-0000-000000000003', 4,  5, 120.00,NULL, NULL, 1),
  ('33333333-0000-0000-0000-000000000003','22222222-0000-0000-0000-000000000004', 4, 10, NULL,  NULL, NULL, 2),
  ('33333333-0000-0000-0000-000000000003','22222222-0000-0000-0000-000000000014', 3, 12, NULL,  NULL, NULL, 3),

  -- Тренировка 4: Фулл-боди (petrova)
  ('33333333-0000-0000-0000-000000000004','22222222-0000-0000-0000-000000000015', 3, 10, NULL,  NULL, NULL, 1),
  ('33333333-0000-0000-0000-000000000004','22222222-0000-0000-0000-000000000008', 3,  1, NULL, 60,   NULL, 2),
  ('33333333-0000-0000-0000-000000000004','22222222-0000-0000-0000-000000000009', 3, 20, NULL,  NULL, NULL, 3),

  -- Тренировка 5: Кардио (petrova)
  ('33333333-0000-0000-0000-000000000005','22222222-0000-0000-0000-000000000010', 1, NULL, NULL, 2700, 5000.00, 1),
  ('33333333-0000-0000-0000-000000000005','22222222-0000-0000-0000-000000000011', 1, NULL, NULL, 1200, 3000.00, 2),

  -- Тренировка 6: Силовая (sidorov)
  ('33333333-0000-0000-0000-000000000006','22222222-0000-0000-0000-000000000003', 5,  5, 140.00,NULL, NULL, 1),
  ('33333333-0000-0000-0000-000000000006','22222222-0000-0000-0000-000000000002', 5,  5, 120.00,NULL, NULL, 2),
  ('33333333-0000-0000-0000-000000000006','22222222-0000-0000-0000-000000000001', 4,  8,  90.00,NULL, NULL, 3),

  -- Тренировка 7: Кардио + пресс (sidorov)
  ('33333333-0000-0000-0000-000000000007','22222222-0000-0000-0000-000000000010', 1, NULL, NULL, 1800, 3000.00, 1),
  ('33333333-0000-0000-0000-000000000007','22222222-0000-0000-0000-000000000009', 4, 25,  NULL, NULL, NULL, 2),
  ('33333333-0000-0000-0000-000000000007','22222222-0000-0000-0000-000000000008', 3,  1,  NULL, 45,   NULL, 3),

  -- Тренировка 8: Плечи и руки (kozlova)
  ('33333333-0000-0000-0000-000000000008','22222222-0000-0000-0000-000000000005', 4, 12, 16.00, NULL, NULL, 1),
  ('33333333-0000-0000-0000-000000000008','22222222-0000-0000-0000-000000000006', 3, 15, 10.00, NULL, NULL, 2),
  ('33333333-0000-0000-0000-000000000008','22222222-0000-0000-0000-000000000007', 3, 15, NULL,  NULL, NULL, 3),

  -- Тренировка 9: День ног (novikov)
  ('33333333-0000-0000-0000-000000000009','22222222-0000-0000-0000-000000000002', 5,  5, 110.00,NULL, NULL, 1),
  ('33333333-0000-0000-0000-000000000009','22222222-0000-0000-0000-000000000013', 4, 10, 130.00,NULL, NULL, 2),
  ('33333333-0000-0000-0000-000000000009','22222222-0000-0000-0000-000000000012', 4, 12,  14.00,NULL, NULL, 3),

  -- Тренировка 10: Грудь + трицепс (novikov)
  ('33333333-0000-0000-0000-000000000010','22222222-0000-0000-0000-000000000001', 4, 10, 85.00, NULL, NULL, 1),
  ('33333333-0000-0000-0000-000000000010','22222222-0000-0000-0000-000000000007', 3, 15, NULL,  NULL, NULL, 2),

  -- Тренировка 11: Кардио (ivanov, январь)
  ('33333333-0000-0000-0000-000000000011','22222222-0000-0000-0000-000000000010', 1, NULL, NULL, 2400, 4500.00, 1),

  -- Тренировка 12: День груди 2 (ivanov, январь)
  ('33333333-0000-0000-0000-000000000012','22222222-0000-0000-0000-000000000001', 4, 10, 82.50, NULL, NULL, 1),
  ('33333333-0000-0000-0000-000000000012','22222222-0000-0000-0000-000000000006', 3, 12, 15.00, NULL, NULL, 2);
